case,jerk,simulated_seconds,isr_calls,host_prep_ns,prep_calls,host_planner_ns,host_isr_ns,segments,peak_fill,max_requested_step_hz
low_feed,0,11.228000,32228,1796132,32229,380,1211584,11227,9,1000.000
high_feed,0,0.896000,21375,695551,21376,400,841810,895,9,45045.045
one_step,0,0.008000,15,1560,16,150,570,7,7,1000.000
short_diagonal,0,0.012000,33,2340,34,220,1340,11,9,1000.000
reversal,0,0.992000,12114,425628,12115,600,439926,991,9,15003.751
long_move,0,21.001000,2001371,61249786,2001372,200,65303064,21000,9,100000.000
very_low_feed,0,60.002000,61402,5303805,61403,480,2144245,60001,9,1000.000
corners,0,0.901000,10111,359402,10112,750,365443,900,9,10000.000
hold_resume,0,1.358000,22750,760962,22752,170,850747,1356,9,20000.000
changing_entry_exit,0,3.915000,22255,940586,22256,650,782838,3914,9,10000.000
tiny_junctions,0,0.211000,421,29880,422,2630,15480,210,9,1000.000
low_acceleration,0,0.896000,931,84431,932,140,32220,895,9,1000.000
high_acceleration,0,0.009062,218,7680,219,100,8901,9,9,42016.807
